Hero,Tier,Win Rate,WR Change,Pick Rate,PR Change,Ban Rate,Matches,Rank,Season
Mantis,S,54.65%,N/A,42.99%,N/A,3.50%,"246,030",All Ranks,season0
Peni Parker,A,53.90%,N/A,22.24%,N/A,1.03%,"127,291",All Ranks,season0
Magik,B,53.74%,N/A,13.97%,N/A,1.26%,"79,929",All Ranks,season0
Adam Warlock,B,53.47%,N/A,15.51%,N/A,0.32%,"88,788",All Ranks,season0
Hela,S,52.76%,N/A,20.82%,N/A,47.47%,"119,167",All Ranks,season0
Rocket Raccoon,B,52.69%,N/A,22.21%,N/A,0.17%,"127,096",All Ranks,season0
Hulk,A,52.66%,N/A,15.01%,N/A,44.61%,"85,894",All Ranks,season0
Loki,B,52.45%,N/A,19.10%,N/A,0.46%,"109,322",All Ranks,season0
Black Panther,B,52.33%,N/A,12.57%,N/A,7.95%,"71,953",All Ranks,season0
Thor,B,51.88%,N/A,17.05%,N/A,0.16%,"97,567",All Ranks,season0
Doctor Strange,S,51.50%,N/A,44.00%,N/A,3.70%,"251,788",All Ranks,season0
Iron Man,B,51.28%,N/A,15.28%,N/A,1.97%,"87,431",All Ranks,season0
Psylocke,B,51.15%,N/A,23.03%,N/A,2.40%,"131,807",All Ranks,season0
Storm,B,50.79%,N/A,3.58%,N/A,0.25%,"20,461",All Ranks,season0
Captain America,B,50.68%,N/A,6.96%,N/A,0.10%,"39,816",All Ranks,season0
Namor,B,50.59%,N/A,19.27%,N/A,1.65%,"110,283",All Ranks,season0
Iron Fist,B,50.57%,N/A,6.55%,N/A,0.38%,"37,464",All Ranks,season0
Wolverine,B,50.07%,N/A,10.21%,N/A,2.12%,"58,425",All Ranks,season0
Star Lord,B,49.97%,N/A,17.00%,N/A,0.64%,"97,291",All Ranks,season0
Luna Snow,S,49.83%,N/A,41.65%,N/A,25.59%,"238,367",All Ranks,season0
Groot,B,49.48%,N/A,19.16%,N/A,0.46%,"109,665",All Ranks,season0
Magneto,B,49.12%,N/A,21.05%,N/A,0.23%,"120,444",All Ranks,season0
Spider Man,B,48.75%,N/A,12.06%,N/A,0.92%,"69,028",All Ranks,season0
Hawkeye,B,48.40%,N/A,12.26%,N/A,50.80%,"70,177",All Ranks,season0
The Punisher,B,47.29%,N/A,19.54%,N/A,0.35%,"111,801",All Ranks,season0
Venom,C,47.25%,N/A,14.04%,N/A,0.11%,"80,333",All Ranks,season0
Scarlet Witch,C,47.23%,N/A,9.34%,N/A,0.09%,"53,466",All Ranks,season0
Winter Soldier,B,46.69%,N/A,17.82%,N/A,0.31%,"101,982",All Ranks,season0
Cloak & Dagger,B,46.41%,N/A,42.47%,N/A,0.19%,"243,050",All Ranks,season0
Squirrel Girl,C,45.99%,N/A,7.12%,N/A,0.14%,"40,740",All Ranks,season0
Moon Knight,C,45.42%,N/A,18.09%,N/A,0.23%,"103,539",All Ranks,season0
Jeff The Land Shark,C,43.18%,N/A,15.12%,N/A,0.25%,"86,523",All Ranks,season0
Black Widow,D,41.50%,N/A,2.93%,N/A,0.18%,"16,785",All Ranks,season0
Mister Fantastic,,0.00%,N/A,0.00%,N/A,0.00%,0,All Ranks,season0
Invisible Woman,,0.00%,N/A,0.00%,N/A,0.00%,0,All Ranks,season0
Mantis,S,55.63%,N/A,34.31%,N/A,0.00%,"74,322",Bronze,season0
Peni Parker,A,53.47%,N/A,19.98%,N/A,0.00%,"43,283",Bronze,season0
Adam Warlock,A,52.99%,N/A,17.67%,N/A,0.00%,"38,280",Bronze,season0
Thor,A,51.96%,N/A,15.96%,N/A,0.00%,"34,579",Bronze,season0
Rocket Raccoon,A,51.60%,N/A,20.66%,N/A,0.00%,"44,756",Bronze,season0
Hulk,B,51.46%,N/A,14.66%,N/A,0.00%,"31,763",Bronze,season0
Hela,A,51.39%,N/A,17.67%,N/A,0.00%,"38,286",Bronze,season0
Magik,A,51.34%,N/A,17.64%,N/A,0.00%,"38,220",Bronze,season0
Loki,A,51.11%,N/A,20.71%,N/A,0.00%,"44,874",Bronze,season0
Captain America,B,50.97%,N/A,10.15%,N/A,0.00%,"21,983",Bronze,season0
Namor,B,50.61%,N/A,14.66%,N/A,0.00%,"31,769",Bronze,season0
Storm,C,50.08%,N/A,5.62%,N/A,0.00%,"12,176",Bronze,season0
Doctor Strange,A,50.06%,N/A,23.04%,N/A,0.00%,"49,911",Bronze,season0
Black Panther,B,49.45%,N/A,14.89%,N/A,0.00%,"32,254",Bronze,season0
Magneto,B,49.37%,N/A,14.35%,N/A,0.00%,"31,086",Bronze,season0
Psylocke,B,49.10%,N/A,21.23%,N/A,0.00%,"46,001",Bronze,season0
Iron Fist,B,49.08%,N/A,10.37%,N/A,0.00%,"22,459",Bronze,season0
Iron Man,B,48.88%,N/A,18.37%,N/A,0.00%,"39,804",Bronze,season0
Luna Snow,A,48.63%,N/A,32.75%,N/A,0.00%,"70,958",Bronze,season0
Groot,B,48.45%,N/A,13.97%,N/A,0.00%,"30,265",Bronze,season0
Star Lord,B,48.14%,N/A,17.95%,N/A,0.00%,"38,894",Bronze,season0
Spider Man,B,47.75%,N/A,19.39%,N/A,0.00%,"42,017",Bronze,season0
Venom,B,47.68%,N/A,17.12%,N/A,0.00%,"37,094",Bronze,season0
Wolverine,C,47.63%,N/A,12.45%,N/A,0.00%,"26,973",Bronze,season0
Cloak & Dagger,A,47.60%,N/A,38.07%,N/A,0.00%,"82,470",Bronze,season0
Scarlet Witch,B,47.52%,N/A,15.01%,N/A,0.00%,"32,515",Bronze,season0
Squirrel Girl,C,46.12%,N/A,11.02%,N/A,0.00%,"23,870",Bronze,season0
Hawkeye,C,46.03%,N/A,15.32%,N/A,0.00%,"33,198",Bronze,season0
Winter Soldier,B,45.63%,N/A,19.38%,N/A,0.00%,"41,980",Bronze,season0
The Punisher,C,45.45%,N/A,18.75%,N/A,0.00%,"40,620",Bronze,season0
Moon Knight,B,45.36%,N/A,22.00%,N/A,0.00%,"47,664",Bronze,season0
Jeff The Land Shark,C,42.26%,N/A,22.35%,N/A,0.00%,"48,416",Bronze,season0
Black Widow,D,41.22%,N/A,5.93%,N/A,0.00%,"12,837",Bronze,season0
Mister Fantastic,,0.00%,N/A,0.00%,N/A,0.00%,0,Bronze,season0
Invisible Woman,,0.00%,N/A,0.00%,N/A,0.00%,0,Bronze,season0
Black Panther,A,56.77%,N/A,7.10%,N/A,0.00%,"2,764",Silver,season0
Magik,A,56.37%,N/A,9.92%,N/A,0.00%,"3,862",Silver,season0
Mantis,S,54.80%,N/A,41.23%,N/A,0.00%,"16,050",Silver,season0
Hela,A,54.32%,N/A,25.04%,N/A,0.00%,"9,747",Silver,season0
Adam Warlock,A,54.14%,N/A,14.00%,N/A,0.00%,"5,451",Silver,season0
Peni Parker,S,54.06%,N/A,33.01%,N/A,0.00%,"12,848",Silver,season0
Storm,B,53.79%,N/A,1.76%,N/A,0.00%,686,Silver,season0
Loki,A,53.77%,N/A,15.72%,N/A,0.00%,"6,117",Silver,season0
Hulk,A,53.25%,N/A,17.14%,N/A,0.00%,"6,672",Silver,season0
Psylocke,A,53.18%,N/A,18.00%,N/A,0.00%,"7,008",Silver,season0
Rocket Raccoon,A,53.16%,N/A,18.98%,N/A,0.00%,"7,387",Silver,season0
Thor,A,52.81%,N/A,18.68%,N/A,0.00%,"7,270",Silver,season0
Iron Man,A,52.09%,N/A,17.77%,N/A,0.00%,"6,915",Silver,season0
Wolverine,B,51.83%,N/A,5.40%,N/A,0.00%,"2,103",Silver,season0
Hawkeye,B,51.78%,N/A,14.00%,N/A,0.00%,"5,450",Silver,season0
Namor,B,51.33%,N/A,14.25%,N/A,0.00%,"5,547",Silver,season0
Iron Fist,B,51.20%,N/A,6.73%,N/A,0.00%,"2,621",Silver,season0
Doctor Strange,A,50.88%,N/A,37.41%,N/A,0.00%,"14,563",Silver,season0
Spider Man,B,50.61%,N/A,9.69%,N/A,0.00%,"3,770",Silver,season0
Luna Snow,S,50.47%,N/A,40.44%,N/A,0.00%,"15,741",Silver,season0
Winter Soldier,B,50.44%,N/A,12.46%,N/A,0.00%,"4,851",Silver,season0
Captain America,B,50.17%,N/A,8.10%,N/A,0.00%,"3,151",Silver,season0
Star Lord,B,50.02%,N/A,14.76%,N/A,0.00%,"5,744",Silver,season0
Groot,B,49.61%,N/A,20.48%,N/A,0.00%,"7,970",Silver,season0
Magneto,B,48.88%,N/A,16.33%,N/A,0.00%,"6,356",Silver,season0
Cloak & Dagger,S,47.71%,N/A,50.97%,N/A,0.00%,"19,838",Silver,season0
The Punisher,B,47.69%,N/A,20.17%,N/A,0.00%,"7,852",Silver,season0
Venom,B,46.89%,N/A,20.17%,N/A,0.00%,"7,852",Silver,season0
Moon Knight,B,46.74%,N/A,25.80%,N/A,0.00%,"10,041",Silver,season0
Scarlet Witch,C,46.42%,N/A,15.03%,N/A,0.00%,"5,851",Silver,season0
Squirrel Girl,D,45.51%,N/A,7.98%,N/A,0.00%,"3,105",Silver,season0
Black Widow,D,44.33%,N/A,1.47%,N/A,0.00%,573,Silver,season0
Jeff The Land Shark,C,43.78%,N/A,20.00%,N/A,0.00%,"7,785",Silver,season0
Mister Fantastic,,0.00%,N/A,0.00%,N/A,0.00%,0,Silver,season0
Invisible Woman,,0.00%,N/A,0.00%,N/A,0.00%,0,Silver,season0
Magik,A,55.26%,N/A,10.77%,N/A,0.00%,"4,850",Gold,season0
Hela,S,55.16%,N/A,27.01%,N/A,0.00%,"12,162",Gold,season0
Mantis,S,54.78%,N/A,40.43%,N/A,0.00%,"18,207",Gold,season0
Adam Warlock,A,54.53%,N/A,13.32%,N/A,0.00%,"5,997",Gold,season0
Loki,A,54.26%,N/A,16.78%,N/A,0.00%,"7,556",Gold,season0
Rocket Raccoon,A,54.18%,N/A,20.78%,N/A,0.00%,"9,357",Gold,season0
Peni Parker,S,54.02%,N/A,32.41%,N/A,0.00%,"14,594",Gold,season0
Black Panther,B,53.36%,N/A,9.22%,N/A,0.00%,"4,153",Gold,season0
Hulk,A,52.88%,N/A,17.67%,N/A,0.00%,"7,957",Gold,season0
Thor,A,52.26%,N/A,19.87%,N/A,0.00%,"8,946",Gold,season0
Iron Man,A,52.18%,N/A,15.97%,N/A,0.00%,"7,191",Gold,season0
Namor,A,51.88%,N/A,17.27%,N/A,0.00%,"7,776",Gold,season0
Psylocke,A,51.88%,N/A,19.64%,N/A,0.00%,"8,844",Gold,season0
Doctor Strange,S,51.81%,N/A,42.93%,N/A,0.00%,"19,331",Gold,season0
Hawkeye,B,50.87%,N/A,13.06%,N/A,0.00%,"5,882",Gold,season0
Wolverine,B,50.85%,N/A,6.52%,N/A,0.00%,"2,934",Gold,season0
Storm,C,50.64%,N/A,2.08%,N/A,0.00%,936,Gold,season0
Iron Fist,B,50.58%,N/A,5.38%,N/A,0.00%,"2,424",Gold,season0
Spider Man,B,50.37%,N/A,10.49%,N/A,0.00%,"4,723",Gold,season0
Luna Snow,S,49.81%,N/A,45.24%,N/A,0.00%,"20,374",Gold,season0
Captain America,C,49.75%,N/A,6.77%,N/A,0.00%,"3,047",Gold,season0
Star Lord,B,49.16%,N/A,13.41%,N/A,0.00%,"6,038",Gold,season0
The Punisher,B,49.10%,N/A,18.28%,N/A,0.00%,"8,234",Gold,season0
Winter Soldier,B,48.93%,N/A,13.12%,N/A,0.00%,"5,908",Gold,season0
Groot,B,48.44%,N/A,22.11%,N/A,0.00%,"9,955",Gold,season0
Magneto,B,48.41%,N/A,16.49%,N/A,0.00%,"7,426",Gold,season0
Venom,B,47.19%,N/A,17.68%,N/A,0.00%,"7,963",Gold,season0
Squirrel Girl,D,47.07%,N/A,6.26%,N/A,0.00%,"2,817",Gold,season0
Cloak & Dagger,S,46.94%,N/A,49.13%,N/A,0.00%,"22,126",Gold,season0
Moon Knight,B,46.93%,N/A,21.57%,N/A,0.00%,"9,715",Gold,season0
Scarlet Witch,C,46.39%,N/A,10.92%,N/A,0.00%,"4,917",Gold,season0
Black Widow,D,45.05%,N/A,1.14%,N/A,0.00%,515,Gold,season0
Jeff The Land Shark,D,43.82%,N/A,16.29%,N/A,0.00%,"7,336",Gold,season0
Mister Fantastic,,0.00%,N/A,0.00%,N/A,0.00%,0,Gold,season0
Invisible Woman,,0.00%,N/A,0.00%,N/A,0.00%,0,Gold,season0
Magik,A,56.02%,N/A,10.72%,N/A,0.00%,"8,916",Platinum,season0
Mantis,S,55.30%,N/A,40.45%,N/A,0.00%,"33,654",Platinum,season0
Black Panther,A,54.88%,N/A,9.76%,N/A,0.00%,"8,116",Platinum,season0
Iron Man,A,54.50%,N/A,14.97%,N/A,0.00%,"12,451",Platinum,season0
Peni Parker,S,54.34%,N/A,28.46%,N/A,0.00%,"23,676",Platinum,season0
Adam Warlock,A,54.23%,N/A,11.72%,N/A,0.00%,"9,749",Platinum,season0
Loki,A,53.88%,N/A,16.53%,N/A,0.00%,"13,752",Platinum,season0
Rocket Raccoon,A,53.73%,N/A,22.33%,N/A,0.00%,"18,580",Platinum,season0
Hulk,A,53.39%,N/A,19.64%,N/A,0.00%,"16,337",Platinum,season0
Hela,S,53.37%,N/A,32.00%,N/A,0.00%,"26,621",Platinum,season0
Iron Fist,B,53.12%,N/A,4.26%,N/A,0.00%,"3,547",Platinum,season0
Storm,B,52.51%,N/A,2.30%,N/A,0.00%,"1,916",Platinum,season0
Thor,A,52.43%,N/A,19.86%,N/A,0.00%,"16,524",Platinum,season0
Psylocke,A,52.11%,N/A,20.52%,N/A,0.00%,"17,068",Platinum,season0
Doctor Strange,S,51.78%,N/A,52.91%,N/A,0.00%,"44,015",Platinum,season0
Namor,A,50.81%,N/A,20.30%,N/A,0.00%,"16,892",Platinum,season0
Star Lord,B,50.36%,N/A,11.88%,N/A,0.00%,"9,884",Platinum,season0
Wolverine,B,50.28%,N/A,7.31%,N/A,0.00%,"6,080",Platinum,season0
Captain America,C,50.13%,N/A,5.27%,N/A,0.00%,"4,383",Platinum,season0
Spider Man,B,50.11%,N/A,8.40%,N/A,0.00%,"6,992",Platinum,season0
Groot,A,50.02%,N/A,23.26%,N/A,0.00%,"19,349",Platinum,season0
Luna Snow,S,49.90%,N/A,54.70%,N/A,0.00%,"45,505",Platinum,season0
Hawkeye,B,49.56%,N/A,13.52%,N/A,0.00%,"11,246",Platinum,season0
The Punisher,B,48.53%,N/A,17.56%,N/A,0.00%,"14,608",Platinum,season0
Magneto,B,48.23%,N/A,17.68%,N/A,0.00%,"14,712",Platinum,season0
Winter Soldier,B,47.37%,N/A,13.84%,N/A,0.00%,"11,513",Platinum,season0
Scarlet Witch,D,46.85%,N/A,6.24%,N/A,0.00%,"5,189",Platinum,season0
Venom,C,46.65%,N/A,13.57%,N/A,0.00%,"11,290",Platinum,season0
Squirrel Girl,D,46.40%,N/A,4.84%,N/A,0.00%,"4,026",Platinum,season0
Moon Knight,B,46.26%,N/A,16.80%,N/A,0.00%,"13,980",Platinum,season0
Cloak & Dagger,A,46.14%,N/A,46.00%,N/A,0.00%,"38,271",Platinum,season0
Jeff The Land Shark,D,45.01%,N/A,11.46%,N/A,0.00%,"9,534",Platinum,season0
Black Widow,D,40.46%,N/A,0.93%,N/A,0.00%,776,Platinum,season0
Mister Fantastic,,0.00%,N/A,0.00%,N/A,0.00%,0,Platinum,season0
Invisible Woman,,0.00%,N/A,0.00%,N/A,0.00%,0,Platinum,season0
Magik,A,56.43%,N/A,12.13%,N/A,0.81%,"13,971",Diamond,season0
Black Panther,B,55.09%,N/A,11.97%,N/A,8.45%,"13,780",Diamond,season0
Peni Parker,A,54.37%,N/A,22.47%,N/A,1.18%,"25,873",Diamond,season0
Mantis,S,54.18%,N/A,48.79%,N/A,2.62%,"56,180",Diamond,season0
Iron Fist,B,54.07%,N/A,3.15%,N/A,0.22%,"3,623",Diamond,season0
Iron Man,B,54.00%,N/A,11.88%,N/A,2.18%,"13,685",Diamond,season0
Hulk,A,53.83%,N/A,12.17%,N/A,45.25%,"14,019",Diamond,season0
Rocket Raccoon,A,53.64%,N/A,27.36%,N/A,0.14%,"31,505",Diamond,season0
Loki,B,53.08%,N/A,17.94%,N/A,0.33%,"20,664",Diamond,season0
Hela,S,52.99%,N/A,17.10%,N/A,47.69%,"19,690",Diamond,season0
Adam Warlock,B,52.89%,N/A,12.63%,N/A,0.13%,"14,540",Diamond,season0
Wolverine,B,52.78%,N/A,9.67%,N/A,1.37%,"11,139",Diamond,season0
Psylocke,A,52.58%,N/A,26.21%,N/A,1.89%,"30,187",Diamond,season0
Doctor Strange,S,52.11%,N/A,61.83%,N/A,3.79%,"71,198",Diamond,season0
Storm,B,51.57%,N/A,2.59%,N/A,0.22%,"2,986",Diamond,season0
Thor,B,51.48%,N/A,18.38%,N/A,0.13%,"21,165",Diamond,season0
Star Lord,B,51.18%,N/A,15.57%,N/A,0.30%,"17,928",Diamond,season0
Captain America,B,50.89%,N/A,4.16%,N/A,0.07%,"4,789",Diamond,season0
Namor,B,50.73%,N/A,24.04%,N/A,1.37%,"27,679",Diamond,season0
Luna Snow,S,50.68%,N/A,43.96%,N/A,25.41%,"50,624",Diamond,season0
Spider Man,B,50.68%,N/A,6.97%,N/A,0.95%,"8,027",Diamond,season0
Hawkeye,A,50.49%,N/A,7.06%,N/A,52.97%,"8,133",Diamond,season0
Groot,B,49.91%,N/A,24.80%,N/A,0.47%,"28,556",Diamond,season0
Magneto,B,49.11%,N/A,26.18%,N/A,0.14%,"30,143",Diamond,season0
The Punisher,B,48.95%,N/A,23.50%,N/A,0.34%,"27,056",Diamond,season0
Winter Soldier,B,47.51%,N/A,20.10%,N/A,0.23%,"23,143",Diamond,season0
Scarlet Witch,C,47.36%,N/A,3.42%,N/A,0.09%,"3,938",Diamond,season0
Venom,C,46.83%,N/A,10.24%,N/A,0.09%,"11,787",Diamond,season0
Cloak & Dagger,B,45.91%,N/A,45.89%,N/A,0.23%,"52,845",Diamond,season0
Squirrel Girl,D,45.46%,N/A,4.26%,N/A,0.15%,"4,905",Diamond,season0
Moon Knight,C,44.60%,N/A,14.56%,N/A,0.30%,"16,770",Diamond,season0
Jeff The Land Shark,D,43.43%,N/A,8.05%,N/A,0.20%,"9,275",Diamond,season0
Black Widow,D,41.52%,N/A,0.98%,N/A,0.17%,"1,132",Diamond,season0
Mister Fantastic,,0.00%,N/A,0.00%,N/A,0.00%,0,Diamond,season0
Invisible Woman,,0.00%,N/A,0.00%,N/A,0.00%,0,Diamond,season0
Magik,B,55.44%,N/A,13.78%,N/A,1.32%,"7,506",Grandmaster,season0
Adam Warlock,B,54.59%,N/A,17.15%,N/A,0.31%,"9,340",Grandmaster,season0
Black Panther,B,54.44%,N/A,14.99%,N/A,7.43%,"8,163",Grandmaster,season0
Iron Fist,B,53.78%,N/A,3.60%,N/A,0.21%,"1,960",Grandmaster,season0
Mantis,S,53.63%,N/A,60.01%,N/A,4.13%,"32,681",Grandmaster,season0
Hulk,A,53.40%,N/A,11.14%,N/A,45.16%,"6,064",Grandmaster,season0
Wolverine,B,53.01%,N/A,11.49%,N/A,1.89%,"6,256",Grandmaster,season0
Peni Parker,B,52.89%,N/A,11.02%,N/A,0.84%,"5,999",Grandmaster,season0
Star Lord,B,52.70%,N/A,22.72%,N/A,0.70%,"12,375",Grandmaster,season0
Loki,B,52.65%,N/A,20.09%,N/A,0.36%,"10,938",Grandmaster,season0
Storm,B,51.94%,N/A,2.50%,N/A,0.21%,"1,363",Grandmaster,season0
Doctor Strange,S,51.93%,N/A,68.34%,N/A,3.46%,"37,217",Grandmaster,season0
Iron Man,B,51.92%,N/A,9.84%,N/A,1.60%,"5,356",Grandmaster,season0
Psylocke,A,51.92%,N/A,29.87%,N/A,2.47%,"16,265",Grandmaster,season0
Rocket Raccoon,B,51.89%,N/A,23.47%,N/A,0.17%,"12,782",Grandmaster,season0
Hela,A,51.87%,N/A,16.22%,N/A,47.39%,"8,835",Grandmaster,season0
Hawkeye,A,51.33%,N/A,7.46%,N/A,50.24%,"4,062",Grandmaster,season0
Captain America,B,50.96%,N/A,3.52%,N/A,0.10%,"1,919",Grandmaster,season0
Thor,B,50.83%,N/A,13.44%,N/A,0.12%,"7,317",Grandmaster,season0
Luna Snow,S,50.71%,N/A,44.19%,N/A,26.69%,"24,066",Grandmaster,season0
Spider Man,B,50.39%,N/A,5.40%,N/A,0.91%,"2,943",Grandmaster,season0
Groot,B,50.36%,N/A,19.53%,N/A,0.32%,"10,636",Grandmaster,season0
Namor,B,49.58%,N/A,27.02%,N/A,1.78%,"14,717",Grandmaster,season0
Magneto,B,49.42%,N/A,36.84%,N/A,0.19%,"20,063",Grandmaster,season0
Scarlet Witch,C,49.28%,N/A,1.67%,N/A,0.08%,907,Grandmaster,season0
The Punisher,B,47.45%,N/A,20.03%,N/A,0.35%,"10,906",Grandmaster,season0
Venom,C,47.21%,N/A,6.41%,N/A,0.09%,"3,489",Grandmaster,season0
Jeff The Land Shark,C,46.46%,N/A,6.01%,N/A,0.21%,"3,274",Grandmaster,season0
Winter Soldier,B,46.05%,N/A,20.92%,N/A,0.33%,"11,391",Grandmaster,season0
Squirrel Girl,D,43.73%,N/A,2.96%,N/A,0.09%,"1,610",Grandmaster,season0
Cloak & Dagger,B,43.16%,N/A,39.16%,N/A,0.14%,"21,328",Grandmaster,season0
Black Widow,D,41.38%,N/A,1.19%,N/A,0.15%,650,Grandmaster,season0
Moon Knight,D,41.04%,N/A,8.02%,N/A,0.10%,"4,369",Grandmaster,season0
Mister Fantastic,,0.00%,N/A,0.00%,N/A,0.00%,0,Grandmaster,season0
Invisible Woman,,0.00%,N/A,0.00%,N/A,0.00%,0,Grandmaster,season0
Magik,A,56.08%,N/A,12.55%,N/A,2.95%,"1,587",Eternity,season0
Iron Fist,B,54.49%,N/A,3.70%,N/A,0.90%,468,Eternity,season0
Loki,A,53.70%,N/A,24.68%,N/A,1.08%,"3,121",Eternity,season0
Iron Man,B,53.37%,N/A,9.26%,N/A,1.82%,"1,171",Eternity,season0
Adam Warlock,A,53.34%,N/A,24.89%,N/A,1.16%,"3,148",Eternity,season0
Wolverine,B,53.24%,N/A,13.06%,N/A,4.74%,"1,651",Eternity,season0
Star Lord,A,52.85%,N/A,28.73%,N/A,1.81%,"3,633",Eternity,season0
Hulk,A,52.84%,N/A,13.51%,N/A,40.53%,"1,709",Eternity,season0
Black Panther,B,52.73%,N/A,13.03%,N/A,6.52%,"1,648",Eternity,season0
Peni Parker,B,52.61%,N/A,5.01%,N/A,0.75%,633,Eternity,season0
Groot,B,52.14%,N/A,14.59%,N/A,0.63%,"1,845",Eternity,season0
Mantis,S,52.10%,N/A,69.27%,N/A,6.04%,"8,760",Eternity,season0
Doctor Strange,S,51.92%,N/A,73.71%,N/A,3.86%,"9,321",Eternity,season0
Hela,A,51.91%,N/A,18.39%,N/A,45.96%,"2,325",Eternity,season0
Psylocke,A,51.05%,N/A,30.02%,N/A,4.39%,"3,796",Eternity,season0
Luna Snow,S,50.65%,N/A,49.71%,N/A,24.80%,"6,286",Eternity,season0
Hawkeye,B,50.28%,N/A,10.05%,N/A,42.80%,"1,271",Eternity,season0
Rocket Raccoon,B,50.17%,N/A,14.22%,N/A,0.26%,"1,798",Eternity,season0
Namor,B,49.48%,N/A,27.46%,N/A,2.82%,"3,472",Eternity,season0
Magneto,A,49.42%,N/A,48.51%,N/A,0.58%,"6,135",Eternity,season0
Storm,C,49.02%,N/A,2.02%,N/A,0.41%,255,Eternity,season0
Thor,B,48.80%,N/A,9.20%,N/A,0.27%,"1,164",Eternity,season0
Jeff The Land Shark,C,48.32%,N/A,4.48%,N/A,0.55%,567,Eternity,season0
Captain America,C,48.05%,N/A,2.44%,N/A,0.26%,308,Eternity,season0
Venom,C,47.49%,N/A,4.25%,N/A,0.29%,537,Eternity,season0
Scarlet Witch,C,47.00%,N/A,0.79%,N/A,0.09%,100,Eternity,season0
Squirrel Girl,D,45.88%,N/A,2.02%,N/A,0.24%,255,Eternity,season0
Black Widow,D,45.52%,N/A,1.15%,N/A,0.14%,145,Eternity,season0
Winter Soldier,C,45.49%,N/A,16.29%,N/A,0.69%,"2,060",Eternity,season0
Spider Man,D,44.92%,N/A,3.12%,N/A,0.95%,394,Eternity,season0
The Punisher,C,43.48%,N/A,13.17%,N/A,0.48%,"1,665",Eternity,season0
Cloak & Dagger,C,42.11%,N/A,31.70%,N/A,0.16%,"4,009",Eternity,season0
Moon Knight,D,41.63%,N/A,5.05%,N/A,0.17%,639,Eternity,season0
Mister Fantastic,,0.00%,N/A,0.00%,N/A,0.00%,0,Eternity,season0
Invisible Woman,,0.00%,N/A,0.00%,N/A,0.00%,0,Eternity,season0
Iron Fist,B,56.35%,N/A,4.20%,N/A,2.43%,362,One Above All,season0
Wolverine,B,54.00%,N/A,14.96%,N/A,8.54%,"1,289",One Above All,season0
Magik,B,53.79%,N/A,11.81%,N/A,3.70%,"1,017",One Above All,season0
Adam Warlock,A,53.22%,N/A,26.50%,N/A,1.43%,"2,283",One Above All,season0
Groot,B,52.71%,N/A,12.64%,N/A,1.02%,"1,089",One Above All,season0
Loki,A,52.43%,N/A,26.70%,N/A,1.68%,"2,300",One Above All,season0
Star Lord,A,52.24%,N/A,32.45%,N/A,2.53%,"2,795",One Above All,season0
Psylocke,A,52.08%,N/A,30.62%,N/A,5.07%,"2,638",One Above All,season0
Hulk,A,52.08%,N/A,15.94%,N/A,38.12%,"1,373",One Above All,season0
Black Panther,B,52.00%,N/A,12.48%,N/A,7.19%,"1,075",One Above All,season0
Mantis,S,51.85%,N/A,71.70%,N/A,6.06%,"6,176",One Above All,season0
Iron Man,B,51.52%,N/A,9.96%,N/A,1.94%,858,One Above All,season0
Doctor Strange,S,51.40%,N/A,72.35%,N/A,3.81%,"6,232",One Above All,season0
Storm,B,51.05%,N/A,1.66%,N/A,0.57%,143,One Above All,season0
Hela,A,51.03%,N/A,17.43%,N/A,46.06%,"1,501",One Above All,season0
Magneto,S,50.17%,N/A,52.51%,N/A,0.96%,"4,523",One Above All,season0
Luna Snow,S,50.14%,N/A,55.87%,N/A,21.24%,"4,813",One Above All,season0
Peni Parker,B,50.13%,N/A,4.47%,N/A,0.79%,385,One Above All,season0
Hawkeye,B,49.63%,N/A,10.85%,N/A,38.77%,935,One Above All,season0
Captain America,C,49.15%,N/A,2.74%,N/A,0.30%,236,One Above All,season0
Namor,B,48.99%,N/A,28.22%,N/A,2.47%,"2,431",One Above All,season0
Rocket Raccoon,B,48.87%,N/A,10.81%,N/A,0.29%,931,One Above All,season0
Jeff The Land Shark,C,48.81%,N/A,3.90%,N/A,0.64%,336,One Above All,season0
Thor,C,47.67%,N/A,6.99%,N/A,0.62%,602,One Above All,season0
The Punisher,C,45.35%,N/A,9.98%,N/A,0.31%,860,One Above All,season0
Venom,D,44.86%,N/A,3.73%,N/A,0.27%,321,One Above All,season0
Squirrel Girl,D,44.74%,N/A,1.76%,N/A,0.16%,152,One Above All,season0
Black Widow,D,43.95%,N/A,1.82%,N/A,0.50%,157,One Above All,season0
Winter Soldier,C,43.31%,N/A,13.19%,N/A,0.62%,"1,136",One Above All,season0
Moon Knight,D,41.00%,N/A,4.19%,N/A,0.21%,361,One Above All,season0
Cloak & Dagger,C,40.59%,N/A,25.11%,N/A,0.15%,"2,163",One Above All,season0
Spider Man,D,39.51%,N/A,1.88%,N/A,0.58%,162,One Above All,season0
Scarlet Witch,D,32.65%,N/A,0.57%,N/A,0.07%,49,One Above All,season0
Mister Fantastic,,0.00%,N/A,0.00%,N/A,0.00%,0,One Above All,season0
Invisible Woman,,0.00%,N/A,0.00%,N/A,0.00%,0,One Above All,season0
Storm,S,56.40%,+5.60%,12.32%,+8.75%,41.97%,"66,261",All Ranks,1
Magik,B,53.79%,+0.05%,13.34%,-0.63%,2.30%,"71,732",All Ranks,1
Rocket Raccoon,A,53.67%,+0.98%,36.36%,+14.15%,1.25%,"195,507",All Ranks,1
Peni Parker,B,52.73%,-1.16%,16.35%,-5.89%,0.41%,"87,899",All Ranks,1
Mantis,B,52.58%,-2.07%,18.01%,-24.98%,0.24%,"96,848",All Ranks,1
Mister Fantastic,B,52.15%,N/A,7.00%,N/A,0.14%,"37,660",All Ranks,1
Thor,B,51.96%,+0.08%,18.10%,+1.05%,0.21%,"97,325",All Ranks,1
Hulk,A,51.12%,-1.54%,10.89%,-4.11%,44.11%,"58,576",All Ranks,1
Captain America,B,50.92%,+0.24%,7.33%,+0.37%,0.16%,"39,396",All Ranks,1
Loki,B,50.91%,-1.55%,15.53%,-3.57%,0.81%,"83,499",All Ranks,1
Doctor Strange,A,50.65%,-0.85%,38.18%,-5.81%,3.74%,"205,310",All Ranks,1
Adam Warlock,B,50.57%,-2.90%,8.41%,-7.10%,0.06%,"45,237",All Ranks,1
Iron Fist,B,50.27%,-0.30%,5.96%,-0.59%,0.39%,"32,043",All Ranks,1
Black Panther,B,50.13%,-2.20%,8.99%,-3.59%,3.61%,"48,323",All Ranks,1
Wolverine,B,49.97%,-0.11%,10.18%,-0.03%,44.10%,"54,729",All Ranks,1
Psylocke,B,49.80%,-1.36%,15.45%,-7.58%,0.88%,"83,060",All Ranks,1
Winter Soldier,B,49.50%,+2.81%,26.00%,+8.18%,1.50%,"139,785",All Ranks,1
Groot,B,49.08%,-0.40%,19.29%,+0.13%,1.07%,"103,732",All Ranks,1
Star Lord,B,49.02%,-0.95%,12.61%,-4.39%,0.38%,"67,812",All Ranks,1
Iron Man,B,48.94%,-2.34%,9.28%,-6.00%,0.33%,"49,908",All Ranks,1
Hela,B,48.73%,-4.03%,10.80%,-10.02%,2.28%,"58,062",All Ranks,1
Cloak & Dagger,S,48.71%,+2.30%,56.02%,+13.55%,11.72%,"301,204",All Ranks,1
Magneto,B,48.41%,-0.71%,26.79%,+5.75%,1.57%,"144,065",All Ranks,1
Spider Man,B,48.01%,-0.74%,13.36%,+1.30%,1.34%,"71,828",All Ranks,1
Namor,B,47.82%,-2.77%,17.02%,-2.25%,6.77%,"91,503",All Ranks,1
Scarlet Witch,C,47.77%,+0.53%,10.29%,+0.94%,0.15%,"55,307",All Ranks,1
Invisible Woman,B,47.74%,N/A,35.42%,N/A,1.10%,"190,459",All Ranks,1
Venom,C,47.45%,+0.19%,12.61%,-1.43%,0.22%,"67,798",All Ranks,1
The Punisher,B,47.41%,+0.12%,19.40%,-0.14%,0.58%,"104,285",All Ranks,1
Luna Snow,B,47.38%,-2.44%,30.72%,-10.94%,23.23%,"165,155",All Ranks,1
Squirrel Girl,C,47.25%,+1.26%,13.38%,+6.26%,0.29%,"71,950",All Ranks,1
Moon Knight,B,46.34%,+0.92%,25.28%,+7.19%,1.91%,"135,925",All Ranks,1
Hawkeye,D,43.40%,-5.00%,4.38%,-7.88%,0.33%,"23,545",All Ranks,1
Jeff The Land Shark,D,42.65%,-0.54%,11.18%,-3.94%,0.45%,"60,119",All Ranks,1
Black Widow,D,41.34%,-0.16%,3.76%,+0.83%,0.40%,"20,210",All Ranks,1
Storm,A,56.29%,+6.21%,10.71%,+5.09%,0.00%,"20,802",Bronze,1
Rocket Raccoon,S,54.01%,+2.41%,31.43%,+10.77%,0.00%,"61,030",Bronze,1
Mantis,A,53.99%,-1.64%,19.43%,-14.87%,0.00%,"37,730",Bronze,1
Peni Parker,A,53.30%,-0.17%,17.49%,-2.49%,0.00%,"33,961",Bronze,1
Thor,A,52.24%,+0.28%,16.24%,+0.28%,0.00%,"31,537",Bronze,1
Mister Fantastic,B,52.23%,N/A,10.95%,N/A,0.00%,"21,261",Bronze,1
Captain America,B,51.50%,+0.54%,10.18%,+0.03%,0.00%,"19,770",Bronze,1
Magik,A,51.45%,+0.11%,16.30%,-1.35%,0.00%,"31,642",Bronze,1
Adam Warlock,B,50.44%,-2.56%,13.49%,-4.18%,0.00%,"26,196",Bronze,1
Loki,B,50.19%,-0.92%,16.94%,-3.77%,0.00%,"32,898",Bronze,1
Doctor Strange,B,49.84%,-0.22%,19.77%,-3.26%,0.00%,"38,395",Bronze,1
Hulk,B,49.62%,-1.83%,11.64%,-3.03%,0.00%,"22,593",Bronze,1
Cloak & Dagger,A,49.46%,+1.87%,40.40%,+2.34%,0.00%,"78,450",Bronze,1
Magneto,B,48.92%,-0.45%,18.64%,+4.29%,0.00%,"36,189",Bronze,1
Groot,B,48.76%,+0.31%,13.76%,-0.21%,0.00%,"26,709",Bronze,1
Winter Soldier,A,48.40%,+2.77%,24.49%,+5.12%,0.00%,"47,557",Bronze,1
Iron Fist,C,48.37%,-0.71%,9.52%,-0.84%,0.00%,"18,491",Bronze,1
Psylocke,B,48.25%,-0.85%,16.82%,-4.41%,0.00%,"32,660",Bronze,1
Invisible Woman,A,48.23%,N/A,32.60%,N/A,0.00%,"63,300",Bronze,1
Namor,B,48.14%,-2.47%,13.96%,-0.70%,0.00%,"27,110",Bronze,1
Star Lord,B,48.02%,-0.12%,15.73%,-2.22%,0.00%,"30,551",Bronze,1
Black Panther,B,47.99%,-1.46%,12.13%,-2.76%,0.00%,"23,555",Bronze,1
Hela,C,47.98%,-3.41%,9.25%,-8.43%,0.00%,"17,954",Bronze,1
Squirrel Girl,B,47.95%,+1.82%,16.12%,+5.10%,0.00%,"31,304",Bronze,1
Scarlet Witch,B,47.94%,+0.42%,15.01%,+0.00%,0.00%,"29,144",Bronze,1
Venom,B,47.82%,+0.14%,15.33%,-1.80%,0.00%,"29,758",Bronze,1
Luna Snow,B,47.66%,-0.96%,22.45%,-10.30%,0.00%,"43,594",Bronze,1
Wolverine,C,47.18%,-0.45%,12.39%,-0.07%,0.00%,"24,048",Bronze,1
Iron Man,C,47.08%,-1.81%,13.16%,-5.21%,0.00%,"25,561",Bronze,1
Spider Man,B,46.89%,-0.86%,21.60%,+2.21%,0.00%,"41,941",Bronze,1
Moon Knight,B,46.38%,+1.02%,24.79%,+2.79%,0.00%,"48,135",Bronze,1
The Punisher,C,45.52%,+0.07%,18.22%,-0.53%,0.00%,"35,378",Bronze,1
Jeff The Land Shark,D,42.00%,-0.26%,18.94%,-3.41%,0.00%,"36,778",Bronze,1
Hawkeye,D,41.43%,-4.60%,6.59%,-8.73%,0.00%,"12,802",Bronze,1
Black Widow,D,40.54%,-0.69%,7.32%,+1.40%,0.00%,"14,216",Bronze,1
Storm,A,57.49%,+3.70%,11.46%,+9.69%,0.00%,"3,213",Silver,1
Magik,A,56.41%,+0.04%,8.91%,-1.01%,0.00%,"2,498",Silver,1
Mister Fantastic,A,56.01%,N/A,6.41%,N/A,0.00%,"1,798",Silver,1
Iron Fist,B,54.20%,+3.00%,5.01%,-1.73%,0.00%,"1,404",Silver,1
Rocket Raccoon,S,53.87%,+0.71%,35.56%,+16.58%,0.00%,"9,972",Silver,1
Black Panther,B,53.69%,-3.07%,5.07%,-2.03%,0.00%,"1,421",Silver,1
Loki,B,52.53%,-1.24%,11.63%,-4.09%,0.00%,"3,261",Silver,1
Adam Warlock,B,52.24%,-1.90%,8.06%,-5.95%,0.00%,"2,259",Silver,1
Mantis,A,52.21%,-2.59%,19.41%,-21.83%,0.00%,"5,443",Silver,1
Peni Parker,A,52.11%,-1.95%,27.31%,-5.70%,0.00%,"7,659",Silver,1
Thor,A,52.02%,-0.79%,20.93%,+2.25%,0.00%,"5,869",Silver,1
Hela,B,51.80%,-2.52%,10.28%,-14.76%,0.00%,"2,884",Silver,1
Winter Soldier,A,51.65%,+1.21%,19.25%,+6.79%,0.00%,"5,398",Silver,1
Wolverine,B,51.46%,-0.37%,6.35%,+0.94%,0.00%,"1,780",Silver,1
Psylocke,B,51.21%,-1.97%,13.51%,-4.49%,0.00%,"3,790",Silver,1
Hulk,B,51.07%,-2.18%,12.14%,-5.00%,0.00%,"3,405",Silver,1
Doctor Strange,A,49.95%,-0.92%,31.58%,-5.83%,0.00%,"8,856",Silver,1
Namor,B,49.53%,-1.80%,13.93%,-0.32%,0.00%,"3,907",Silver,1
Star Lord,B,49.14%,-0.87%,12.71%,-2.05%,0.00%,"3,563",Silver,1
Black Widow,D,49.06%,+4.73%,2.09%,+0.62%,0.00%,587,Silver,1
Spider Man,B,48.92%,-1.69%,10.89%,+1.20%,0.00%,"3,054",Silver,1
Groot,A,48.90%,-0.71%,23.76%,+3.28%,0.00%,"6,662",Silver,1
Iron Man,B,48.35%,-3.74%,12.22%,-5.55%,0.00%,"3,427",Silver,1
Captain America,C,48.35%,-1.83%,8.95%,+0.85%,0.00%,"2,509",Silver,1
Luna Snow,A,48.29%,-2.19%,28.30%,-12.14%,0.00%,"7,936",Silver,1
Cloak & Dagger,S,48.27%,+0.56%,60.56%,+9.60%,0.00%,"16,984",Silver,1
Squirrel Girl,B,47.83%,+2.32%,16.20%,+8.22%,0.00%,"4,543",Silver,1
Invisible Woman,A,47.74%,N/A,30.11%,N/A,0.00%,"8,444",Silver,1
Magneto,B,47.73%,-1.15%,19.93%,+3.60%,0.00%,"5,590",Silver,1
Moon Knight,A,47.71%,+0.97%,31.55%,+5.75%,0.00%,"8,847",Silver,1
Scarlet Witch,B,47.55%,+1.13%,16.02%,+0.99%,0.00%,"4,494",Silver,1
Hawkeye,D,47.51%,-4.27%,3.93%,-10.07%,0.00%,"1,103",Silver,1
Venom,B,47.00%,+0.10%,17.75%,-2.42%,0.00%,"4,979",Silver,1
The Punisher,B,46.68%,-1.01%,23.43%,+3.26%,0.00%,"6,572",Silver,1
Jeff The Land Shark,D,42.91%,-0.87%,14.81%,-5.19%,0.00%,"4,153",Silver,1
Storm,A,57.49%,+6.85%,13.59%,+11.51%,0.00%,"7,655",Gold,1
Magik,A,55.61%,+0.35%,9.18%,-1.59%,0.00%,"5,170",Gold,1
Rocket Raccoon,S,54.12%,-0.06%,39.98%,+19.20%,0.00%,"22,517",Gold,1
Black Panther,B,53.12%,-0.24%,5.58%,-3.64%,0.00%,"3,144",Gold,1
Thor,A,52.65%,+0.39%,21.82%,+1.96%,0.00%,"12,290",Gold,1
Peni Parker,A,52.03%,-1.99%,25.23%,-7.18%,0.00%,"14,210",Gold,1
Loki,B,51.83%,-2.43%,11.51%,-5.27%,0.00%,"6,483",Gold,1
Mantis,A,51.74%,-3.04%,16.00%,-24.43%,0.00%,"9,011",Gold,1
Adam Warlock,B,51.46%,-3.07%,6.65%,-6.67%,0.00%,"3,743",Gold,1
Hulk,B,51.33%,-1.55%,12.65%,-5.02%,0.00%,"7,122",Gold,1
Mister Fantastic,B,51.26%,N/A,5.78%,N/A,0.00%,"3,256",Gold,1
Iron Fist,B,51.21%,+0.63%,4.26%,-1.13%,0.00%,"2,398",Gold,1
Captain America,B,51.13%,+1.38%,7.46%,+0.69%,0.00%,"4,201",Gold,1
Psylocke,B,51.05%,-0.83%,13.52%,-6.12%,0.00%,"7,612",Gold,1
Winter Soldier,A,50.69%,+1.76%,20.17%,+7.05%,0.00%,"11,361",Gold,1
Hela,B,50.47%,-4.68%,9.55%,-17.45%,0.00%,"5,381",Gold,1
Wolverine,B,50.45%,-0.40%,7.84%,+1.32%,0.00%,"4,414",Gold,1
Doctor Strange,A,50.16%,-1.65%,38.35%,-4.57%,0.00%,"21,601",Gold,1
Iron Man,B,49.86%,-2.31%,9.79%,-6.18%,0.00%,"5,515",Gold,1
Star Lord,B,49.59%,+0.44%,10.62%,-2.79%,0.00%,"5,981",Gold,1
Spider Man,B,49.39%,-0.98%,10.09%,-0.39%,0.00%,"5,685",Gold,1
The Punisher,B,48.73%,-0.37%,22.08%,+3.80%,0.00%,"12,438",Gold,1
Scarlet Witch,B,48.60%,+2.21%,11.98%,+1.06%,0.00%,"6,749",Gold,1
Groot,A,48.57%,+0.13%,24.89%,+2.79%,0.00%,"14,020",Gold,1
Cloak & Dagger,S,48.54%,+1.60%,65.40%,+16.27%,0.00%,"36,836",Gold,1
Magneto,B,48.04%,-0.37%,22.72%,+6.23%,0.00%,"12,794",Gold,1
Squirrel Girl,B,47.56%,+0.49%,15.31%,+9.05%,0.00%,"8,621",Gold,1
Hawkeye,D,47.42%,-3.45%,3.23%,-9.83%,0.00%,"1,820",Gold,1
Invisible Woman,A,47.36%,N/A,30.17%,N/A,0.00%,"16,995",Gold,1
Moon Knight,A,47.18%,+0.25%,30.72%,+9.14%,0.00%,"17,301",Gold,1
Venom,B,47.00%,-0.20%,15.11%,-2.58%,0.00%,"8,509",Gold,1
Luna Snow,A,46.72%,-3.09%,31.04%,-14.20%,0.00%,"17,484",Gold,1
Namor,C,46.40%,-5.48%,16.18%,-1.09%,0.00%,"9,112",Gold,1
Black Widow,D,43.06%,-1.99%,1.48%,+0.34%,0.00%,836,Gold,1
Jeff The Land Shark,D,42.40%,-1.42%,10.06%,-6.23%,0.00%,"5,667",Gold,1
Storm,A,56.85%,+4.35%,16.27%,+13.97%,0.00%,"17,593",Platinum,1
Magik,A,55.19%,-0.83%,10.13%,-0.59%,0.00%,"10,953",Platinum,1
Rocket Raccoon,S,54.01%,+0.28%,40.79%,+18.45%,0.00%,"44,102",Platinum,1
Peni Parker,A,53.04%,-1.30%,18.20%,-10.26%,0.00%,"19,678",Platinum,1
Iron Fist,B,52.77%,-0.34%,3.42%,-0.85%,0.00%,"3,695",Platinum,1
Mantis,B,52.12%,-3.18%,14.22%,-26.23%,0.00%,"15,377",Platinum,1
Mister Fantastic,B,52.12%,N/A,4.55%,N/A,0.00%,"4,925",Platinum,1
Black Panther,B,52.10%,-2.78%,6.41%,-3.35%,0.00%,"6,929",Platinum,1
Thor,A,52.07%,-0.36%,20.74%,+0.88%,0.00%,"22,429",Platinum,1
Loki,B,51.71%,-2.17%,11.64%,-4.89%,0.00%,"12,587",Platinum,1
Hulk,B,51.69%,-1.70%,12.36%,-7.28%,0.00%,"13,366",Platinum,1
Wolverine,B,51.44%,+1.16%,11.05%,+3.74%,0.00%,"11,947",Platinum,1
Iron Man,B,51.17%,-3.33%,7.47%,-7.50%,0.00%,"8,075",Platinum,1
Psylocke,B,50.73%,-1.38%,13.90%,-6.62%,0.00%,"15,025",Platinum,1
Doctor Strange,S,50.65%,-1.14%,47.66%,-5.24%,0.00%,"51,539",Platinum,1
Winter Soldier,A,50.36%,+2.99%,24.38%,+10.55%,0.00%,"26,367",Platinum,1
Spider Man,B,50.33%,+0.21%,9.13%,+0.72%,0.00%,"9,867",Platinum,1
Adam Warlock,C,49.83%,-4.40%,5.22%,-6.50%,0.00%,"5,641",Platinum,1
Captain America,C,49.63%,-0.50%,5.62%,+0.36%,0.00%,"6,081",Platinum,1
Star Lord,B,49.00%,-1.37%,9.51%,-2.38%,0.00%,"10,278",Platinum,1
Groot,A,48.73%,-1.30%,23.70%,+0.44%,0.00%,"25,627",Platinum,1
The Punisher,B,48.49%,-0.03%,20.60%,+3.04%,0.00%,"22,277",Platinum,1
Cloak & Dagger,S,48.33%,+2.19%,69.07%,+23.06%,0.00%,"74,681",Platinum,1
Hela,C,47.92%,-5.45%,10.15%,-21.85%,0.00%,"10,971",Platinum,1
Magneto,A,47.88%,-0.36%,26.25%,+8.57%,0.00%,"28,385",Platinum,1
Invisible Woman,A,47.69%,N/A,31.21%,N/A,0.00%,"33,752",Platinum,1
Namor,B,47.48%,-3.33%,19.17%,-1.13%,0.00%,"20,733",Platinum,1
Squirrel Girl,C,47.29%,+0.89%,12.18%,+7.34%,0.00%,"13,171",Platinum,1
Scarlet Witch,C,47.26%,+0.42%,7.57%,+1.34%,0.00%,"8,190",Platinum,1
Venom,C,46.70%,+0.05%,11.73%,-1.84%,0.00%,"12,682",Platinum,1
Moon Knight,B,46.47%,+0.21%,27.58%,+10.78%,0.00%,"29,822",Platinum,1
Luna Snow,A,46.18%,-3.72%,37.46%,-17.24%,0.00%,"40,507",Platinum,1
Hawkeye,D,45.33%,-4.23%,3.07%,-10.45%,0.00%,"3,316",Platinum,1
Black Widow,D,43.36%,+2.90%,1.52%,+0.59%,0.00%,"1,642",Platinum,1
Jeff The Land Shark,D,43.15%,-1.85%,6.07%,-5.40%,0.00%,"6,558",Platinum,1
Magik,A,56.21%,-0.22%,13.15%,+1.02%,1.79%,"13,462",Diamond,1
Storm,S,55.56%,+3.99%,10.83%,+8.24%,43.30%,"11,083",Diamond,1
Wolverine,A,53.25%,+0.47%,8.37%,-1.30%,43.37%,"8,565",Diamond,1
Rocket Raccoon,S,53.16%,-0.48%,41.24%,+13.88%,1.32%,"42,210",Diamond,1
Iron Fist,B,53.13%,-0.94%,3.87%,+0.73%,0.27%,"3,964",Diamond,1
Hulk,A,52.95%,-0.87%,7.79%,-4.39%,44.71%,"7,971",Diamond,1
Black Panther,B,52.23%,-2.86%,8.64%,-3.33%,3.63%,"8,844",Diamond,1
Iron Man,B,52.18%,-1.82%,5.22%,-6.66%,0.40%,"5,347",Diamond,1
Peni Parker,B,51.92%,-2.45%,10.18%,-12.29%,0.52%,"10,421",Diamond,1
Mantis,B,51.33%,-2.85%,18.05%,-30.74%,0.28%,"18,473",Diamond,1
Doctor Strange,S,51.27%,-0.84%,54.38%,-7.45%,3.60%,"55,660",Diamond,1
Thor,B,51.19%,-0.29%,18.22%,-0.16%,0.15%,"18,650",Diamond,1
Adam Warlock,B,51.10%,-1.79%,4.67%,-7.96%,0.05%,"4,777",Diamond,1
Mister Fantastic,B,50.80%,N/A,4.35%,N/A,0.13%,"4,449",Diamond,1
Star Lord,B,50.79%,-0.39%,10.75%,-4.82%,0.22%,"11,006",Diamond,1
Captain America,B,50.78%,-0.11%,4.85%,+0.69%,0.10%,"4,965",Diamond,1
Psylocke,B,50.55%,-2.04%,15.50%,-10.71%,0.66%,"15,867",Diamond,1
Loki,B,50.39%,-2.69%,15.85%,-2.09%,0.43%,"16,225",Diamond,1
Winter Soldier,B,49.84%,+2.34%,31.44%,+11.34%,1.26%,"32,180",Diamond,1
Groot,B,49.54%,-0.36%,21.56%,-3.24%,0.92%,"22,069",Diamond,1
Spider Man,B,49.37%,-1.31%,8.02%,+1.05%,1.28%,"8,210",Diamond,1
The Punisher,B,48.97%,+0.02%,19.89%,-3.60%,0.58%,"20,359",Diamond,1
Hela,B,48.82%,-4.17%,11.83%,-5.27%,1.83%,"12,111",Diamond,1
Cloak & Dagger,S,48.56%,+2.65%,62.24%,+16.35%,12.20%,"63,707",Diamond,1
Magneto,B,48.09%,-1.01%,35.72%,+9.55%,1.11%,"36,564",Diamond,1
Luna Snow,A,48.05%,-2.64%,34.29%,-9.67%,24.28%,"35,102",Diamond,1
Namor,B,47.55%,-3.18%,19.43%,-4.60%,6.38%,"19,892",Diamond,1
Venom,C,47.34%,+0.51%,8.40%,-1.84%,0.13%,"8,595",Diamond,1
Invisible Woman,B,47.24%,N/A,43.19%,N/A,1.03%,"44,209",Diamond,1
Scarlet Witch,C,46.93%,-0.43%,5.04%,+1.62%,0.14%,"5,161",Diamond,1
Moon Knight,B,45.87%,+1.27%,23.34%,+8.78%,2.27%,"23,888",Diamond,1
Hawkeye,D,45.51%,-4.97%,2.96%,-4.10%,0.39%,"3,032",Diamond,1
Squirrel Girl,C,45.30%,-0.16%,10.49%,+6.23%,0.28%,"10,733",Diamond,1
Jeff The Land Shark,D,44.15%,+0.73%,4.52%,-3.53%,0.33%,"4,627",Diamond,1
Black Widow,D,41.43%,-0.09%,1.70%,+0.72%,0.37%,"1,745",Diamond,1
Magik,A,55.60%,+0.16%,16.16%,+2.38%,2.78%,"7,218",Grandmaster,1
Storm,A,55.06%,+3.12%,11.21%,+8.71%,40.40%,"5,007",Grandmaster,1
Wolverine,A,54.17%,+1.17%,7.62%,-3.87%,45.40%,"3,404",Grandmaster,1
Iron Man,B,53.74%,+1.82%,4.07%,-5.77%,0.23%,"1,816",Grandmaster,1
Hulk,A,53.39%,-0.01%,7.77%,-3.37%,43.95%,"3,469",Grandmaster,1
Iron Fist,B,53.05%,-0.72%,4.33%,+0.73%,0.53%,"1,934",Grandmaster,1
Mister Fantastic,B,52.39%,N/A,4.03%,N/A,0.14%,"1,800",Grandmaster,1
Captain America,B,52.39%,+1.42%,3.89%,+0.37%,0.20%,"1,739",Grandmaster,1
Rocket Raccoon,A,52.18%,+0.29%,32.51%,+9.04%,1.10%,"14,522",Grandmaster,1
Loki,B,51.51%,-1.14%,22.66%,+2.57%,1.01%,"10,119",Grandmaster,1
Mantis,B,51.32%,-2.32%,21.16%,-38.85%,0.17%,"9,453",Grandmaster,1
Peni Parker,B,51.22%,-1.67%,4.20%,-6.81%,0.19%,"1,878",Grandmaster,1
Black Panther,B,51.21%,-3.23%,9.09%,-5.90%,3.41%,"4,060",Grandmaster,1
Thor,B,51.14%,+0.32%,13.32%,-0.12%,0.21%,"5,948",Grandmaster,1
Doctor Strange,S,51.11%,-0.82%,57.08%,-11.27%,3.76%,"25,492",Grandmaster,1
Psylocke,B,50.93%,-0.98%,16.12%,-13.75%,0.94%,"7,200",Grandmaster,1
Groot,B,50.55%,+0.20%,17.39%,-2.14%,1.01%,"7,768",Grandmaster,1
Star Lord,B,50.05%,-2.65%,12.61%,-10.11%,0.48%,"5,634",Grandmaster,1
Winter Soldier,B,49.35%,+3.31%,33.79%,+12.87%,1.76%,"15,090",Grandmaster,1
Magneto,A,49.19%,-0.23%,47.11%,+10.26%,2.19%,"21,039",Grandmaster,1
Adam Warlock,C,49.17%,-5.43%,5.23%,-11.92%,0.05%,"2,337",Grandmaster,1
Jeff The Land Shark,C,48.99%,+2.53%,4.64%,-1.37%,0.56%,"2,072",Grandmaster,1
Venom,C,48.77%,+1.57%,6.56%,+0.15%,0.24%,"2,930",Grandmaster,1
Namor,B,48.69%,-0.89%,20.76%,-6.27%,7.23%,"9,272",Grandmaster,1
Hela,B,48.68%,-3.20%,16.40%,+0.18%,2.30%,"7,326",Grandmaster,1
Spider Man,C,48.66%,-1.73%,6.37%,+0.97%,1.29%,"2,846",Grandmaster,1
Cloak & Dagger,S,48.52%,+5.36%,60.23%,+21.07%,11.37%,"26,902",Grandmaster,1
Luna Snow,A,48.23%,-2.49%,39.15%,-5.04%,22.01%,"17,486",Grandmaster,1
Invisible Woman,A,47.74%,N/A,47.21%,N/A,1.27%,"21,088",Grandmaster,1
The Punisher,B,47.40%,-0.05%,15.08%,-4.95%,0.60%,"6,734",Grandmaster,1
Scarlet Witch,C,47.15%,-2.14%,3.18%,+1.51%,0.15%,"1,419",Grandmaster,1
Squirrel Girl,C,45.28%,+1.56%,7.43%,+4.47%,0.22%,"3,319",Grandmaster,1
Moon Knight,C,43.80%,+2.76%,16.29%,+8.27%,1.29%,"7,277",Grandmaster,1
Hawkeye,D,43.75%,-7.58%,2.94%,-4.52%,0.24%,"1,312",Grandmaster,1
Black Widow,D,42.54%,+1.15%,2.40%,+1.21%,0.41%,"1,072",Grandmaster,1
Hulk,S,100.00%,+47.16%,16.67%,+3.15%,25.00%,2,Eternity,1
Jeff The Land Shark,S,100.00%,+51.68%,8.33%,+3.85%,0.00%,1,Eternity,1
Winter Soldier,S,100.00%,+54.51%,16.67%,+0.38%,0.00%,2,Eternity,1
Loki,S,66.67%,+12.97%,25.00%,+0.32%,25.00%,3,Eternity,1
Doctor Strange,S,60.00%,+8.08%,41.67%,-32.04%,16.67%,5,Eternity,1
Luna Snow,S,55.56%,+4.90%,75.00%,+25.29%,0.00%,9,Eternity,1
Magneto,S,50.00%,+0.58%,83.33%,+34.82%,0.00%,10,Eternity,1
Namor,A,50.00%,+0.52%,33.33%,+5.88%,25.00%,4,Eternity,1
Rocket Raccoon,B,50.00%,-0.17%,16.67%,+2.45%,0.00%,2,Eternity,1
Storm,S,50.00%,+0.98%,50.00%,+47.98%,16.67%,6,Eternity,1
Cloak & Dagger,S,50.00%,+7.89%,66.67%,+34.96%,0.00%,8,Eternity,1
Moon Knight,B,50.00%,+8.37%,16.67%,+11.61%,0.00%,2,Eternity,1
Groot,B,40.00%,-12.14%,41.67%,+27.08%,16.67%,5,Eternity,1
Invisible Woman,B,40.00%,N/A,41.67%,N/A,0.00%,5,Eternity,1
Hela,D,33.33%,-18.58%,25.00%,+6.61%,33.33%,3,Eternity,1
Adam Warlock,D,0.00%,-53.34%,8.33%,-16.56%,0.00%,1,Eternity,1
Black Panther,,0.00%,N/A,0.00%,N/A,0.00%,0,Eternity,1
Iron Man,,0.00%,N/A,0.00%,N/A,0.00%,0,Eternity,1
Magik,,0.00%,N/A,0.00%,N/A,8.33%,0,Eternity,1
Mantis,D,0.00%,-52.10%,8.33%,-60.94%,0.00%,1,Eternity,1
Peni Parker,,0.00%,N/A,0.00%,N/A,0.00%,0,Eternity,1
The Punisher,,0.00%,N/A,0.00%,N/A,0.00%,0,Eternity,1
Scarlet Witch,,0.00%,N/A,0.00%,N/A,0.00%,0,Eternity,1
Star Lord,,0.00%,N/A,0.00%,N/A,0.00%,0,Eternity,1
Thor,,0.00%,N/A,0.00%,N/A,0.00%,0,Eternity,1
Venom,,0.00%,N/A,0.00%,N/A,0.00%,0,Eternity,1
Spider Man,,0.00%,N/A,0.00%,N/A,0.00%,0,Eternity,1
Wolverine,D,0.00%,-53.24%,25.00%,+11.94%,16.67%,3,Eternity,1
Iron Fist,,0.00%,N/A,0.00%,N/A,0.00%,0,Eternity,1
Hawkeye,,0.00%,N/A,0.00%,N/A,0.00%,0,Eternity,1
Psylocke,,0.00%,N/A,0.00%,N/A,16.67%,0,Eternity,1
Squirrel Girl,,0.00%,N/A,0.00%,N/A,0.00%,0,Eternity,1
Black Widow,,0.00%,N/A,0.00%,N/A,0.00%,0,Eternity,1
Captain America,,0.00%,N/A,0.00%,N/A,0.00%,0,Eternity,1
Mister Fantastic,,0.00%,N/A,0.00%,N/A,0.00%,0,Eternity,1
